cnty,year,yield,cdd,dh,drog,hdd,hr,crd,radn,rain,tavg,wl,region,rain2
110105,1981,3594.375,0,0,0,31.1006648,1,0,1745.520973,358.9003645,25.66913195,0,HHH,128809.4717
110105,1982,3453.409091,0,0,0,1.977546642,1,0,1685.789793,517.2706197,24.20053802,10.52824822,HHH,267568.894
110105,1983,3818.75,0,2.433017146,0,10.69187219,0,0,1696.079936,316.6197725,26.14097646,0,HHH,100248.0803
110105,1984,3418.768726,0,11.39336166,0,16.87179929,1,0,1699.208436,458.4093715,25.29222422,0,HHH,210139.1519
110105,1985,3642.226027,0,0,0,1.867445853,1.554578593,5,1499.993618,630.8174772,24.38474551,16.03375379,HHH,397930.6895
110105,1986,3894.929577,0,0,0,0.700321681,0,0,1524.442028,547.170105,24.12270046,0.003489149,HHH,299395.1238
110105,1987,4251.101695,0,0,0,18.7389449,2,0,1852.390832,606.4168984,24.34840352,18.77056807,HHH,367741.4546
110105,1988,3768.684211,0,0,0,0,1,3,1442.317941,516.1668022,24.6254912,11.30456764,HHH,266428.1677
110105,1989,4659.61165,0,0,0,7.912888701,1,3,1820.723206,353.7449067,24.66025616,0,HHH,125135.459
110105,1990,5106.648936,0,0,0,2.511044391,2,3,1513.456054,649.2616768,24.72461154,12.51470891,HHH,421540.725
110105,1991,5332.191781,0,0,0,23.43482741,1.554578593,0,1803.842618,409.1883332,24.8547243,0,HHH,167435.092
110105,1992,6163.773148,0,0,0,1.312116666,0.554578593,0,1774.802168,447.4591031,24.36403154,2.141483424,HHH,200219.649
110105,1993,6903.70019,0,0,0,1.303345497,0,0,1858.469953,400.3443058,24.17589087,0,HHH,160275.5632
110105,1994,6400,0,0,0,3.699892769,0.554578593,0,1740.295106,766.2494312,25.76395898,15.61285439,HHH,587138.1908
110105,1995,5875.039148,0,0,0,0.055522196,1,4,1608.243963,547.5639501,23.47021544,18.20916737,HHH,299826.2794
110105,1996,5303.510407,0,0,0,2.4112374,2,8,1678.025973,614.3192577,23.67976895,22.56913878,HHH,377388.1504
110105,1997,5113.262343,0,5.337474459,0.000754419,25.02035173,0,0,1968.651481,293.0393306,26.4769417,0,HHH,85872.0493
110105,1998,5418.005456,0,0,0,6.057752523,0,0,1761.319704,408.707613,25.37918405,0,HHH,167041.9129
110105,1999,2586.434855,0,9.665406376,5.239657789,12.13982421,0,3.890842813,1834.46311,269.7838087,26.26260758,0,HHH,72783.30343
110105,2000,4070.682237,0,0,0,49.32854387,2,3,1804.588968,479.206948,26.38746495,0,HHH,229639.299
110105,2001,5041.828794,0,0,0,3.970984359,0,0,1907.285076,362.5998498,24.73306969,0,HHH,131478.6511
110105,2002,5291.913215,0,0,0,10.11370363,0,0,1724.353774,327.5137678,24.45753047,0,HHH,107265.2681
110105,2003,5343.378798,0,6.776482076,7.066403413,24.41861465,1,0,1823.784227,314.3070982,25.63372575,0,HHH,98788.952
110105,2004,5378.752887,0,0,0,17.92131679,1,0,1880.299644,450.2213808,23.9254445,0,HHH,202699.2917
110105,2005,4583.193277,0,1.201493588,0,4.779390952,1.554578593,0,1925.709439,332.8852668,25.26978693,0,HHH,110812.6008
110105,2006,5965.417867,0,0,0,3.657044824,0,0,1780.939916,359.6490026,25.0919499,0,HHH,129347.405
110105,2007,5560.05401,0,15.60849123,10.8927729,7.367939101,0,0,1872.773461,268.9880548,25.99910752,0,HHH,72354.57363
110105,2008,5448.770492,0,0,0,28.18895565,0,0,1750.162911,393.8351486,24.7505407,0,HHH,155106.1243
110105,2009,5642.035723,0,0,0,8.510744152,0,0,1851.351863,298.8334762,24.86254587,0,HHH,89301.4465
110105,2010,5855.829705,0,0,0,13.1987776,0,3,1766.404421,349.5805059,24.87819828,0,HHH,122206.5301
110105,2011,7042.51269,0,0,0,7.457495178,0,0,1875.097688,452.1926654,24.4099688,0,HHH,204478.2067
110105,2012,6817.610063,0,0,0,12.25931805,0.554578593,0,1841.806494,375.159039,24.77149737,0,HHH,140744.3046
110105,2013,6701.03084,0.210851382,0,0,28.66217029,0,0,1684.750382,390.6520049,24.94489915,0,HHH,152608.9889
110105,2014,4723.305746,0,10.67013554,9.111087275,0.233755095,1,3,1692.981059,295.1252624,24.89620269,0,HHH,87098.9205
110105,2015,4689.119356,0,0,0,9.012202444,0,0,1677.204871,387.0127384,24.34572291,0,HHH,149778.8596
110105,2016,6170.212766,0,0,0,2.657109161,0,0,1629.584418,494.456916,24.75826177,0,HHH,244487.6417
110105,2017,7485.02994,0,0,0,8.279004934,0,0,1735.248432,417.0192577,24.99414122,0,HHH,173905.0613
110105,2018,8910.697938,0,0,0,9.111366073,0,0,1658.718115,440.8742009,25.24018375,0,HHH,194370.061
110106,1981,3132.236842,0,0,0,21.8,1,0,1733.36,416.4,25.15659341,0,HHH,173388.96
110106,1982,3501.315789,0,0,0,0.3,1,0,1682.39,587.9,23.68870968,23.53471643,HHH,345626.41
110106,1983,2343.75,0,4.256759188,0,3.1,0,0,1695.99543,348.7,25.61255888,0,HHH,121591.69
110106,1984,2266.496694,0,14.8980675,2.155602484,6.5,1,0,1712.338363,449.1,25.01228648,0,HHH,201690.81
110106,1985,3076.771654,0,0,0,1.3,1,5,1500.369549,533.6,24.23864873,30.91727168,HHH,284728.96
110106,1986,3238.548387,0,0,0,0.2,0,0,1552.82,657.8,23.80444444,38.36956565,HHH,432700.84
110106,1987,2998.333333,0,0,0,13.9,1,0,1832.59548,532.6,24.16261496,18.21357382,HHH,283662.76
110106,1988,3070.135135,0,0,0,0,1,3,1436.017963,520.5,24.34236812,21.59437453,HHH,270920.25
110106,1989,2932.905983,0,0,0,2.3,1,3,1796.408602,432.9,24.32198444,0,HHH,187402.41
110106,1990,2898.121387,0,0,0,2.1,3,3,1538.059694,695.9,24.57573455,20.70889692,HHH,484276.81
110106,1991,3831.232092,0,0,0,15.6,0,0,1837.3,372.1,24.50858586,0,HHH,138458.41
110106,1992,3119.809689,0,0,0,1.7,0,0,1772.427712,364.9,24.06683153,0,HHH,133152.01
110106,1993,3542.477876,0,0,0,0.8,0,0,1842.23,350.9,24.14019608,0,HHH,123130.81
110106,1994,4200,0,0,0,1,0,0,1689.78,693.1,25.46947368,22.72318474,HHH,480387.61
110106,1995,4979.931473,0,0,0,0,1,4,1651.23,590.8,23.08585859,32.52705416,HHH,349044.64
110106,1996,4479.61165,0,0,0,1.7,2,14,1691.5,668.1,23.27451923,41.97044548,HHH,446357.61
110106,1997,4120.452311,0,5.828594275,2,16.4,0,0,1952.42,267.8,26.03877551,0,HHH,71716.84
110106,1998,4975.063613,0,0,0,1.4,0,0,1751.35,481.5,25.0814433,0,HHH,231842.25
110106,1999,2353.639259,0,9.525405482,5.108167977,2,0,5,1806.695973,348.1,25.50776481,0,HHH,121173.61
110106,2000,2848.920863,0,0,0,33.1,1,0,1755.007492,477.5,25.58109315,0,HHH,228006.25
110106,2001,2543.445122,0,0,0,2,0,0,1877.5156,380.3,24.44463312,0,HHH,144628.09
110106,2002,3619.575254,0,0,0,5.1,0,0,1736.28,362.1,24.04242424,0,HHH,131116.41
110106,2003,2156.352028,0,3.023740578,7.011796622,15.9,1,0,1894.202262,356.3,25.00389971,0,HHH,126949.69
110106,2004,3025.222552,0,0,0,13.3,1,0,1887.224018,490.9,23.58198751,0,HHH,240982.81
110106,2005,3436.342593,0,0,0,2.2,1,0,1922.086652,350.8,25.13452135,0,HHH,123060.64
110106,2006,3033.810143,0,0,0,0,0,0,1780.544681,387.7,24.45057097,0,HHH,150311.29
110106,2007,3253.970495,0,16.382295,12.10374092,4.9,0,0,1866.847901,283.1,25.49481981,0,HHH,80145.61
110106,2008,3666.666667,0,0,0,21.4,0,0,1787.073612,339,24.35498675,0,HHH,114921
110106,2009,3524.819389,0,0,4.143287381,5.9,0,0,1894.341185,336.8,24.55616817,0,HHH,113434.24
110106,2010,2580.265411,0.4,1.159057436,0,8.5,0,3,1829.277479,350.3,24.2492681,0,HHH,122710.09
110106,2011,3564.369311,0,0,0,4.6,1,0,1866.85708,461.1,23.80486803,0,HHH,212613.21
110106,2012,3260,0,1.381898088,0,8,0,0,1863.859667,380.9,24.42752506,0,HHH,145084.81
110106,2013,4045.181877,0,0,0,24.9,0,0,1707.23,353.1,24.62783505,0,HHH,124679.61
110106,2014,2685.470062,0,12.4495909,15.52472242,0,1,3,1717.188096,294.5,24.65381867,0,HHH,86730.25
110106,2015,4482.039098,0,0,0,3,0,0,1700.41,411,23.89690722,0,HHH,168921
110106,2016,3816.120907,0,0,0,1,0,0,1668.643376,493.3,24.63058233,0,HHH,243344.89
110106,2017,5075.620085,0,0,0,7.3,0,0,1780.23,375.4,24.52061856,0,HHH,140925.16
110106,2018,4926.108374,0,0,0,12.5,0,0,1684.91,400.5,24.92474227,0,HHH,160400.25
110107,1981,3132.236842,0,0,0,20.4,1,0,1737.26,416.4,25.05494505,0,HHH,173388.96
110107,1982,3501.315789,0,0,0,0.2,1,0,1686.34,587.9,23.57741935,27.98630108,HHH,345626.41
110107,1983,2343.75,0,1.075173559,0,9.3,0,0,1675.881288,348.7,25.49957202,0,HHH,121591.69
110107,1984,2320.662446,0,12.33312239,2.15441641,4.1,1,0,1730.73454,449.2,24.9095365,0,HHH,201780.64
110107,1985,3076.771654,0,0,0,0.9,1,5,1504.175475,533.6,24.12594091,13.50624102,HHH,284728.96
110107,1986,3238.548387,0,0,0,0,0,0,1579.11,658,23.7021978,25.20703659,HHH,432964
110107,1987,2998.333333,0,0,0,12.3,1,0,1844.583504,532.6,24.07419032,18.73008064,HHH,283662.76
110107,1988,3070.135135,0,0,0,0,1,3,1465.143967,520.5,24.27433344,18.56744837,HHH,270920.25
110107,1989,2932.905983,0,0,0,1.5,1,3,1805.490888,432.9,24.18316822,0,HHH,187402.41
110107,1990,2898.121387,0,0,0,2,3,3,1542.98961,695.9,24.50628089,26.10763373,HHH,484276.81
110107,1991,3831.232092,0,0,0,13.7,0,0,1824.34,372,24.47908163,0,HHH,138384
110107,1992,3119.809689,0,0,0,1.6,0,0,1775.989859,364.9,24.01780476,0,HHH,133152.01
110107,1993,3542.477876,0,0,0,0.3,0,0,1846.34,350.9,24.04607843,0,HHH,123130.81
110107,1994,4200,0,0,0,0.5,0,0,1693.69,693.1,25.38,28.21282545,HHH,480387.61
110107,1995,4979.931473,0,0,0,0,1,4,1655.27,590.8,22.98181818,29.02931162,HHH,349044.64
110107,1996,4479.61165,0,0,0,1.5,2,11,1695.61,668.1,23.17740385,44.54066404,HHH,446357.61
110107,1997,3672.023562,0,3.877788409,0,16.6,0,0,1956.51,267.8,25.95459184,0,HHH,71716.84
110107,1998,4975.063613,0,0,0,1.2,0,0,1744.29,475.4,25.06666667,0,HHH,226005.16
110107,1999,3109.82659,0,3.271485894,1.184626581,14.6,0,5,1799.274949,347.8,25.49595351,0,HHH,120964.84
110107,2000,2848.920863,0,0,0,31.6,1,0,1766.052751,477.5,25.46072043,0,HHH,228006.25
110107,2001,2543.445122,0,0,0,1.8,0,0,1869.357524,374.6,24.41010577,0,HHH,140325.16
110107,2002,3619.575254,0,0,0,4.8,0,0,1740.27,362.1,23.94747475,0,HHH,131116.41
110107,2003,1785.029087,0,3.116742076,8.48709597,14.5,1,0,1892.445288,356.3,24.89876014,0,HHH,126949.69
110107,2004,3025.222552,0,0,0,12.3,1,0,1894.204695,490.9,23.49674344,0,HHH,240982.81
110107,2005,3436.342593,0,0,0,1.7,1,0,1925.09144,350.8,25.01430854,0,HHH,123060.64
110107,2006,3033.810143,0,0,0,0,0,0,1784.127229,387.7,24.28693116,0,HHH,150311.29
110107,2007,2796.327839,0,13.9435536,12.05036333,3.8,0,0,1869.68554,283.1,25.41348641,0,HHH,80145.61
110107,2008,3666.666667,0,0,0,20.2,0,0,1791.586685,339,24.22008772,0,HHH,114921
110107,2009,3524.819389,0,0,0,5.2,0,0,1898.577084,336.8,24.4909299,0,HHH,113434.24
110107,2010,2580.265411,0.3,0,0,10.9,0,3,1837.519661,350.3,24.16861938,0,HHH,122710.09
110107,2011,3564.369311,0,0,0,3.8,1,0,1868.029138,461.1,23.72771208,0,HHH,212613.21
110107,2012,3260,0,1.211417925,0,7.4,0,0,1866.406065,380.9,24.35581884,0,HHH,145084.81
110107,2013,4045.181877,0,0,0,23.1,0,0,1730.86,362.5,24.55459184,0,HHH,131406.25
110107,2014,2398.292287,0,12.04012064,14.69770252,0,1,3,1742.761118,294.5,24.56096548,0,HHH,86730.25
110107,2015,4482.039098,0,0,0,2.4,0,0,1713.37,411.3,23.82040816,0,HHH,169167.69
110107,2016,3816.120907,0,0,0,0.7,0,0,1683.336959,493.4,24.56970586,0,HHH,243443.56
110107,2017,5075.620085,0,0,0,6.4,0,0,1805.55,378.5,24.41326531,0,HHH,143262.25
110107,2018,4926.108374,0,0,0,11.6,0,0,1710.24,400.5,24.8994898,0,HHH,160400.25
110108,1981,3371.590909,0,0,0,16.76744014,0.075949368,0,1733.907463,451.1443038,24.63827018,0,HHH,203531.1828
110108,1982,3465.789474,0,0,0,1.620323471,1,0,1670.597273,644.913924,23.32425487,28.9636759,HHH,415913.9694
110108,1983,3406.25,0,0,0,6.268565363,0,0,1668.271742,462.2658227,24.77503111,0,HHH,213689.6909
110108,1984,3303.003946,0,11.06548323,3.154944958,5.111744018,1,0,1711.285045,423.6886076,24.45961656,0,HHH,179512.0362
110108,1985,3134.862385,0,0,0,2.925316426,0.075949368,4.075949368,1495.548336,556.7936709,23.87908524,9.24464744,HHH,310019.1919
110108,1986,4243.75,0,0,0,1.01336145,0,0,1565.062892,661.5113924,23.46718675,12.75549825,HHH,437597.3223
110108,1987,4560,0,0,0,15.69669471,0.075949368,0,1830.754585,579.4493671,23.84069373,15.00648339,HHH,335761.569
110108,1988,3337.5,0,0,0,0.092123768,0.075949368,0.227848103,1453.300554,617.5253164,23.97500149,16.80967062,HHH,381337.5164
110108,1989,4764.130435,0,0,0,3.877496445,1.924050632,3,1798.163052,530.9417721,23.66339662,0,HHH,281899.1654
110108,1990,5142.857143,0,0,0,4.574683524,3,0.227848103,1554.21289,787.8430379,24.2231126,33.64313114,HHH,620696.6524
110108,1991,5533.333333,0,0,0,15.5440224,0,0,1811.245724,423.2848101,24.07895551,0,HHH,179170.0305
110108,1992,5219.69697,0,0,0,2.927918408,0,0,1762.939318,397.3936709,23.5863544,0,HHH,157921.7296
110108,1993,5666.666667,0,0,0,1.351828398,0,0,1832.174163,398.7658228,23.63884954,0,HHH,159014.1814
110108,1994,5500,0,0,0,6.021518927,0.924050632,0,1653.640323,777.3050633,25.1395981,23.4770639,HHH,604203.1614
110108,1995,5265.536723,0,0,0,1.289732755,1,4,1622.864796,620.1772152,23.08897588,20.38442072,HHH,384619.7782
110108,1996,5477.832512,0,0,0,3.805063271,1.075949368,9.379746838,1671.848987,650.0810127,22.99118543,33.94416867,HHH,422605.323
110108,1997,4620.565202,0.254500706,4.269504467,3.853727165,12.49641342,0,0,1911.406034,338.7670886,25.28432039,0,HHH,114763.1403
110108,1998,5218.75,0,0,0,3.764838227,0,0,1738.495366,558.7493671,24.64240872,0.445745723,HHH,312200.8552
110108,1999,4848.258706,0,0.104629217,0,24.61666661,0,5,1794.229807,418.2126582,24.76037215,0,HHH,174901.8275
110108,2000,5853.403141,0,0,0,28.84092817,1,0,1782.358045,550.7493671,25.16548856,0,HHH,303324.8653
110108,2001,5255.351682,0,0,0,2.658298155,0,0,1858.16135,411.8898734,23.94858845,0,HHH,169653.2678
110108,2002,5358.28877,0,0,0,5.829887444,0,0,1722.055802,404.6316455,23.59597182,0,HHH,163726.7686
110108,2003,4539.610264,0,2.939605933,16.08618913,16.02102665,1,0,1879.596324,401.5556962,24.20884063,0,HHH,161246.9771
110108,2004,5272.559853,0,0,0,7.66673694,1,0,1891.047812,496.2632911,22.975455,0,HHH,246277.2541
110108,2005,5327.988338,0,0,0,4.583333285,1,0,1925.873359,368.5417721,24.40791417,0,HHH,135823.0378
110108,2006,5244.047619,0,0,0,0.736990146,0,0,1757.089207,447.8556962,23.89316793,0,HHH,200574.7246
110108,2007,4999.809153,0,11.11548587,26.41490866,6.772362837,0,0,1875.10315,304.2607595,24.96047461,0,HHH,92574.60976
110108,2008,5760,0.324402254,1.673652359,2.317158957,14.35752453,0,0,1778.302799,409.4126582,23.84621167,0,HHH,167618.7247
110108,2009,5302.347868,0,0.567233448,2.493230771,10.90745423,0,0,1879.934586,361.1949367,24.06220463,0,HHH,130461.7823
110108,2010,4876.225372,2.073769352,1.016654235,4.718722503,2.523628666,0,3,1812.129031,381.9025316,23.78516976,0,HHH,145849.5437
110108,2011,6199.9484,0.239310832,0,0,10.25393805,1,0,1843.548439,490.2075949,23.57972433,0,HHH,240303.4861
110108,2012,5837.988827,0,0.828257107,0.463431791,6.342756641,0,0,1838.767138,425.6240506,23.75021028,0,HHH,181155.8325
110108,2013,6167.772435,0.278059075,0,0,18.887412,0,0,1696.760478,404.4772152,24.00691091,0,HHH,163601.8176
110108,2014,4296.553218,0,12.91741934,23.55012077,0.230309421,1,3,1726.491124,335.343038,23.90654869,0,HHH,112454.9531
110108,2015,5871.462827,0,0,0,7.482770685,0,0,1690.930398,433.6392405,23.39356616,0,HHH,188042.9909
110108,2016,5282.735918,0.185372717,0,0,3.624613183,0.924050632,0,1668.332075,531.7405063,24.06978583,0,HHH,282747.9661
110108,2017,5552.157115,0.463431791,0,0,9.422081528,0,0,1766.913636,446.5518987,24.09869725,0,HHH,199408.5982
110108,2018,5443.524031,0.046343179,0,0,15.34331921,0,0,1677.859903,431.4556962,24.33472206,0,HHH,186154.0178
